,rmse,aucroc,mean_predicted,mean_ground_truth,std_predicted,std_ground_truth
relevance_score,0.3678292603476246,,0.1787288755029016,0.12853010717514327,0.19880037870714592,0.2840117070606483
utilization_score,0.17460961198785782,,0.08614248054071334,0.04800738566805671,0.12881703249531387,0.11511273239299459
completeness_score,0.5512066818008194,,0.585519198044883,0.7518070321959577,0.3610277536466625,0.35324510521224456
adherence_score,,0.703125,0.39,0.96,0.4877499359302879,0.19595917942265423
