,rmse,aucroc,mean_predicted,mean_ground_truth,std_predicted,std_ground_truth
relevance_score,0.524857636829253,,0.43231663035584605,0.013801783831704044,0.32678704090784266,0.010056422773898913
utilization_score,0.2060142754466734,,0.1682643427741467,0.013358521420356527,0.13786866189022542,0.010554735776822324
completeness_score,0.5094036812329186,,0.4679487179487179,0.8333333333333334,0.3782594485110752,0.23570226039551584
adherence_score,,0.75,0.3333333333333333,0.6666666666666666,0.4714045207910317,0.4714045207910317
