{
  "config": {
    "name": "cs_exp2_hybrid_rerank",
    "domain": "customer_support",
    "subset": "techqa",
    "description": "Hybrid + Cross-encoder reranking",
    "chunking_strategy": "sentence_based",
    "chunk_size": 512,
    "chunk_overlap": 50,
    "embedding_model": "sentence-transformers/all-MiniLM-L6-v2",
    "retrieval_type": "hybrid",
    "top_k_final": 5,
    "use_cross_encoder": true,
    "cross_encoder_model": "cross-encoder/ms-marco-MiniLM-L-6-v2",
    "hybrid_alpha": 0.5,
    "expected_improvement": "+25-35%",
    "rationale": "Reranking improves relevance of top results"
  },
  "comparison": {
    "relevance_score": {
      "rmse": 0.524857636829253,
      "aucroc": null,
      "mean_predicted": 0.43231663035584605,
      "mean_ground_truth": 0.013801783831704044,
      "std_predicted": 0.32678704090784266,
      "std_ground_truth": 0.010056422773898913
    },
    "utilization_score": {
      "rmse": 0.2060142754466734,
      "aucroc": null,
      "mean_predicted": 0.1682643427741467,
      "mean_ground_truth": 0.013358521420356527,
      "std_predicted": 0.13786866189022542,
      "std_ground_truth": 0.010554735776822324
    },
    "completeness_score": {
      "rmse": 0.5094036812329186,
      "aucroc": null,
      "mean_predicted": 0.4679487179487179,
      "mean_ground_truth": 0.8333333333333334,
      "std_predicted": 0.3782594485110752,
      "std_ground_truth": 0.23570226039551584
    },
    "adherence_score": {
      "rmse": null,
      "aucroc": 0.75,
      "mean_predicted": 0.3333333333333333,
      "mean_ground_truth": 0.6666666666666666,
      "std_predicted": 0.4714045207910317,
      "std_ground_truth": 0.4714045207910317
    }
  },
  "predicted_metrics_summary": {
    "relevance_score": {
      "mean": 0.43231663035584605,
      "std": 0.32678704090784266,
      "min": 0.0784313725490196,
      "max": 0.8666666666666667
    },
    "utilization_score": {
      "mean": 0.1682643427741467,
      "std": 0.13786866189022542,
      "min": 0.0196078431372549,
      "max": 0.35185185185185186
    },
    "completeness_score": {
      "mean": 0.4679487179487179,
      "std": 0.3782594485110752,
      "min": 0.15384615384615385,
      "max": 1.0
    },
    "adherence_score": {
      "mean": 0.3333333333333333,
      "std": 0.4714045207910317,
      "min": 0.0,
      "max": 1.0
    }
  }
}