,rmse,aucroc,mean_predicted,mean_ground_truth,std_predicted,std_ground_truth
relevance_score,0.3954230365654796,,0.22018335399382505,0.12853010717514327,0.2520698178445147,0.2840117070606483
utilization_score,0.20417456746252144,,0.11640512593621899,0.04800738566805671,0.15105939960031464,0.11511273239299459
completeness_score,0.4804965015052566,,0.652911573665984,0.7518070321959577,0.35097281407888636,0.35324510521224456
adherence_score,,0.515625,0.28,0.96,0.4489988864128729,0.19595917942265423
