{
  "config": {
    "name": "gk_exp1_dense_legalbert",
    "domain": "general_knowledge",
    "subset": "cuad",
    "description": "Dense with LegalBERT (domain-specific)",
    "chunking_strategy": "sentence_based",
    "chunk_size": 512,
    "chunk_overlap": 50,
    "embedding_model": "sentence-transformers/all-mpnet-base-v2",
    "retrieval_type": "dense",
    "top_k_final": 5,
    "use_cross_encoder": false,
    "hybrid_alpha": 0.0,
    "expected_improvement": "+20-30%",
    "rationale": "LegalBERT trained on legal documents"
  },
  "comparison": {
    "relevance_score": {
      "rmse": 0.3954230365654796,
      "aucroc": null,
      "mean_predicted": 0.22018335399382505,
      "mean_ground_truth": 0.12853010717514327,
      "std_predicted": 0.2520698178445147,
      "std_ground_truth": 0.2840117070606483
    },
    "utilization_score": {
      "rmse": 0.20417456746252144,
      "aucroc": null,
      "mean_predicted": 0.11640512593621899,
      "mean_ground_truth": 0.04800738566805671,
      "std_predicted": 0.15105939960031464,
      "std_ground_truth": 0.11511273239299459
    },
    "completeness_score": {
      "rmse": 0.4804965015052566,
      "aucroc": null,
      "mean_predicted": 0.652911573665984,
      "mean_ground_truth": 0.7518070321959577,
      "std_predicted": 0.35097281407888636,
      "std_ground_truth": 0.35324510521224456
    },
    "adherence_score": {
      "rmse": null,
      "aucroc": 0.515625,
      "mean_predicted": 0.28,
      "mean_ground_truth": 0.96,
      "std_predicted": 0.4489988864128729,
      "std_ground_truth": 0.19595917942265423
    }
  },
  "predicted_metrics_summary": {
    "relevance_score": {
      "mean": 0.22018335399382505,
      "std": 0.2520698178445147,
      "min": 0.0,
      "max": 1.015625
    },
    "utilization_score": {
      "mean": 0.11640512593621899,
      "std": 0.15105939960031464,
      "min": 0.0,
      "max": 1.0
    },
    "completeness_score": {
      "mean": 0.652911573665984,
      "std": 0.35097281407888636,
      "min": 0.0,
      "max": 1.0
    },
    "adherence_score": {
      "mean": 0.28,
      "std": 0.4489988864128729,
      "min": 0.0,
      "max": 1.0
    }
  }
}