,rmse,aucroc,mean_predicted,mean_ground_truth,std_predicted,std_ground_truth
relevance_score,0.39896800671028154,,0.19822156017581424,0.12853010717514327,0.280829308243135,0.2840117070606483
utilization_score,0.17151964289142105,,0.07409451401580003,0.04800738566805671,0.13092098547691125,0.11511273239299459
completeness_score,0.5892576275724234,,0.4948541966622737,0.7518070321959577,0.41591467017065714,0.35324510521224456
adherence_score,,0.7760416666666667,0.53,0.96,0.49909918853871116,0.19595917942265423
