{
  "config": {
    "name": "legal_baseline_dense_minilm",
    "domain": "pubmedqa",
    "subset": "cuad",
    "description": "Baseline: Dense with general embeddings",
    "chunking_strategy": "sentence_based",
    "chunk_size": 512,
    "chunk_overlap": 50,
    "embedding_model": "pritamdeka/BioBERT-mnli-snli-scinli-scitail-mednli-stsb",
    "retrieval_type": "dense",
    "top_k_final": 5,
    "use_cross_encoder": false,
    "hybrid_alpha": 0.0,
    "expected_improvement": "0%",
    "rationale": "Standard baseline"
  },
  "comparison": {
    "relevance_score": {
      "rmse": 0.39896800671028154,
      "aucroc": null,
      "mean_predicted": 0.19822156017581424,
      "mean_ground_truth": 0.12853010717514327,
      "std_predicted": 0.280829308243135,
      "std_ground_truth": 0.2840117070606483
    },
    "utilization_score": {
      "rmse": 0.17151964289142105,
      "aucroc": null,
      "mean_predicted": 0.07409451401580003,
      "mean_ground_truth": 0.04800738566805671,
      "std_predicted": 0.13092098547691125,
      "std_ground_truth": 0.11511273239299459
    },
    "completeness_score": {
      "rmse": 0.5892576275724234,
      "aucroc": null,
      "mean_predicted": 0.4948541966622737,
      "mean_ground_truth": 0.7518070321959577,
      "std_predicted": 0.41591467017065714,
      "std_ground_truth": 0.35324510521224456
    },
    "adherence_score": {
      "rmse": null,
      "aucroc": 0.7760416666666667,
      "mean_predicted": 0.53,
      "mean_ground_truth": 0.96,
      "std_predicted": 0.49909918853871116,
      "std_ground_truth": 0.19595917942265423
    }
  },
  "predicted_metrics_summary": {
    "relevance_score": {
      "mean": 0.19822156017581424,
      "std": 0.280829308243135,
      "min": 0.0,
      "max": 1.0
    },
    "utilization_score": {
      "mean": 0.07409451401580003,
      "std": 0.13092098547691125,
      "min": 0.0,
      "max": 0.9358974358974359
    },
    "completeness_score": {
      "mean": 0.4948541966622737,
      "std": 0.41591467017065714,
      "min": 0.0,
      "max": 1.0
    },
    "adherence_score": {
      "mean": 0.53,
      "std": 0.49909918853871116,
      "min": 0.0,
      "max": 1.0
    }
  }
}