,rmse,aucroc,mean_predicted,mean_ground_truth,std_predicted,std_ground_truth
relevance_score,0.5740699779142415,,0.14871123756564705,0.40493993993993993,0.06717705664336858,0.4858864064927407
utilization_score,0.11274105301597767,,0.07729265149188856,0.030752798252798252,0.056743999585146185,0.055401678866711226
completeness_score,0.7065654208051446,,0.6357142857142857,0.4,0.38092261788495385,0.37416573867739417
adherence_score,,,0.6,1.0,0.48989794855663565,0.0
