,rmse,aucroc,mean_predicted,mean_ground_truth,std_predicted,std_ground_truth
relevance_score,0.2440585079434554,,0.15781911277039376,0.08437109118085245,0.21946569207384906,0.09803085289608306
utilization_score,0.10282620190420796,,0.036641115140998014,0.061467588289800076,0.08094929100180286,0.05421133093201152
completeness_score,0.6589370289127237,,0.4087089736866897,0.8694999999999999,0.3887168380730756,0.2763759014257373
adherence_score,,0.36670071501532175,0.49,0.89,0.4998999899979995,0.31288975694324034
