,rmse,aucroc,mean_predicted,mean_ground_truth,std_predicted,std_ground_truth
relevance_score,0.400769964391777,,0.37689856917946934,0.07031843351735237,0.28651050461998384,0.10387687046787056
utilization_score,0.28641082105640286,,0.20030479308216426,0.02589249433268999,0.23289968383668444,0.04010633613234541
completeness_score,0.6099246380139767,,0.49932584437008953,0.5815805254185372,0.41501094237742997,0.38866380494493075
adherence_score,,0.520875150541951,0.32,0.53,0.46647615158762396,0.49909918853871116
