,rmse,aucroc,mean_predicted,mean_ground_truth,std_predicted,std_ground_truth
relevance_score,0.18561390783806778,,0.15371102327624067,0.013801783831704044,0.11401121822113482,0.010056422773898913
utilization_score,0.10599295353038303,,0.08069828722002635,0.013358521420356527,0.07154920531054686,0.010554735776822324
completeness_score,0.761904211573484,,0.391025641025641,0.8333333333333334,0.3898152768079685,0.23570226039551584
adherence_score,,0.75,0.3333333333333333,0.6666666666666666,0.4714045207910317,0.4714045207910317
