,rmse,aucroc,mean_predicted,mean_ground_truth,std_predicted,std_ground_truth
relevance_score,0.34322994992775774,,0.306980056980057,0.013801783831704044,0.18842498024953022,0.010056422773898913
utilization_score,0.17752373507067795,,0.15313390313390315,0.013358521420356527,0.10777838402700939,0.010554735776822324
completeness_score,0.5729147340721888,,0.7142857142857143,0.8333333333333334,0.40406101782088427,0.23570226039551584
adherence_score,,0.75,0.3333333333333333,0.6666666666666666,0.4714045207910317,0.4714045207910317
