,rmse,aucroc,mean_predicted,mean_ground_truth,std_predicted,std_ground_truth
relevance_score,0.33874911979345257,,0.1672077122672969,0.12853010717514327,0.21514932798868333,0.2840117070606483
utilization_score,0.17030824488146545,,0.07973148037724484,0.04800738566805671,0.11693591497230746,0.11511273239299459
completeness_score,0.5207712241351237,,0.6304091836958959,0.7518070321959577,0.3927862692455021,0.35324510521224456
adherence_score,,0.6770833333333334,0.34,0.96,0.4737087712930805,0.19595917942265423
