,rmse,aucroc,mean_predicted,mean_ground_truth,std_predicted,std_ground_truth
relevance_score,0.32914691440116756,,0.16439799227942392,0.12853010717514327,0.1466695186993993,0.2840117070606483
utilization_score,0.16699094279779642,,0.08667665793646556,0.04800738566805671,0.10572538939549768,0.11511273239299459
completeness_score,0.5322385055091676,,0.6019777142052809,0.7518070321959577,0.3663833135340485,0.35324510521224456
adherence_score,,0.43229166666666663,0.37,0.96,0.4828043081829324,0.19595917942265423
