,rmse,aucroc,mean_predicted,mean_ground_truth,std_predicted,std_ground_truth
relevance_score,0.2368600789714927,,0.1085586859930939,0.08437109118085245,0.20841275170617277,0.09803085289608306
utilization_score,0.08239733988167453,,0.02659494976173614,0.061467588289800076,0.04983550414628322,0.05421133093201152
completeness_score,0.6085400131302089,,0.5138217780732808,0.8694999999999999,0.41255095786296536,0.2763759014257373
adherence_score,,0.6440245148110317,0.62,0.89,0.48538644398046393,0.31288975694324034
