{
  "config": {
    "name": "finance_hybrid_finance_aware_mpnet_cross_encoder",
    "domain": "finance",
    "subset": "finqa",
    "chunking_strategy": "finance_aware",
    "embedding_model": "sentence-transformers/all-mpnet-base-v2",
    "retrieval_type": "hybrid",
    "top_k_final": 10,
    "use_cross_encoder": true
  },
  "comparison": {
    "relevance_score": {
      "rmse": 0.2368600789714927,
      "aucroc": null,
      "mean_predicted": 0.1085586859930939,
      "mean_ground_truth": 0.08437109118085245,
      "std_predicted": 0.20841275170617277,
      "std_ground_truth": 0.09803085289608306
    },
    "utilization_score": {
      "rmse": 0.08239733988167453,
      "aucroc": null,
      "mean_predicted": 0.02659494976173614,
      "mean_ground_truth": 0.061467588289800076,
      "std_predicted": 0.04983550414628322,
      "std_ground_truth": 0.05421133093201152
    },
    "completeness_score": {
      "rmse": 0.6085400131302089,
      "aucroc": null,
      "mean_predicted": 0.5138217780732808,
      "mean_ground_truth": 0.8694999999999999,
      "std_predicted": 0.41255095786296536,
      "std_ground_truth": 0.2763759014257373
    },
    "adherence_score": {
      "rmse": null,
      "aucroc": 0.6440245148110317,
      "mean_predicted": 0.62,
      "mean_ground_truth": 0.89,
      "std_predicted": 0.48538644398046393,
      "std_ground_truth": 0.31288975694324034
    }
  },
  "predicted_metrics_summary": {
    "relevance_score": {
      "mean": 0.1085586859930939,
      "std": 0.20841275170617277,
      "min": 0.0,
      "max": 1.5053763440860215
    },
    "utilization_score": {
      "mean": 0.02659494976173614,
      "std": 0.04983550414628322,
      "min": 0.0,
      "max": 0.35148514851485146
    },
    "completeness_score": {
      "mean": 0.5138217780732808,
      "std": 0.41255095786296536,
      "min": 0.0,
      "max": 1.0
    },
    "adherence_score": {
      "mean": 0.62,
      "std": 0.48538644398046393,
      "min": 0.0,
      "max": 1.0
    }
  }
}