,rmse,aucroc,mean_predicted,mean_ground_truth,std_predicted,std_ground_truth
relevance_score,0.42711174731746604,,0.2952723311546841,0.013801783831704044,0.3309605683217463,0.010056422773898913
utilization_score,0.1786288188430011,,0.14533769063180826,0.013358521420356527,0.13089509193410703,0.010554735776822324
completeness_score,0.34783033851742523,,0.5847953216374269,0.8333333333333334,0.2957700261146618,0.23570226039551584
adherence_score,,0.75,0.3333333333333333,0.6666666666666666,0.4714045207910317,0.4714045207910317
