,rmse,aucroc,mean_predicted,mean_ground_truth,std_predicted,std_ground_truth
relevance_score,0.389314324402635,,0.2382545689691594,0.12853010717514327,0.26085935481735156,0.2840117070606483
utilization_score,0.1871639280895516,,0.10466625712001786,0.04800738566805671,0.139208901655118,0.11511273239299459
completeness_score,0.5127442089329226,,0.5885265195207476,0.7518070321959577,0.37151374690462724,0.35324510521224456
adherence_score,,0.6822916666666666,0.35,0.96,0.47696960070847283,0.19595917942265423
