,rmse,aucroc,mean_predicted,mean_ground_truth,std_predicted,std_ground_truth
relevance_score,0.570770282195114,,0.16668657905217044,0.40493993993993993,0.08814108995019986,0.4858864064927407
utilization_score,0.11974644028575536,,0.1269843458015501,0.030752798252798252,0.11506517870368949,0.055401678866711226
completeness_score,0.5110613206547603,,0.6771428571428572,0.4,0.3997550270261189,0.37416573867739417
adherence_score,,,0.6,1.0,0.48989794855663565,0.0
