{
  "config": {
    "name": "legal_exp6_larger_chunks_legalbert",
    "domain": "pubmedqa",
    "subset": "cuad",
    "description": "Larger chunks for complete legal context",
    "chunking_strategy": "paragraph_based",
    "chunk_size": 1024,
    "chunk_overlap": 100,
    "embedding_model": "pritamdeka/BioBERT-mnli-snli-scinli-scitail-mednli-stsb",
    "retrieval_type": "hybrid",
    "top_k_final": 5,
    "use_cross_encoder": true,
    "cross_encoder_model": "cross-encoder/ms-marco-MiniLM-L-6-v2",
    "hybrid_alpha": 0.5,
    "expected_improvement": "+35-45%",
    "rationale": "Larger chunks preserve legal context"
  },
  "comparison": {
    "relevance_score": {
      "rmse": 0.570770282195114,
      "aucroc": null,
      "mean_predicted": 0.16668657905217044,
      "mean_ground_truth": 0.40493993993993993,
      "std_predicted": 0.08814108995019986,
      "std_ground_truth": 0.4858864064927407
    },
    "utilization_score": {
      "rmse": 0.11974644028575536,
      "aucroc": null,
      "mean_predicted": 0.1269843458015501,
      "mean_ground_truth": 0.030752798252798252,
      "std_predicted": 0.11506517870368949,
      "std_ground_truth": 0.055401678866711226
    },
    "completeness_score": {
      "rmse": 0.5110613206547603,
      "aucroc": null,
      "mean_predicted": 0.6771428571428572,
      "mean_ground_truth": 0.4,
      "std_predicted": 0.3997550270261189,
      "std_ground_truth": 0.37416573867739417
    },
    "adherence_score": {
      "rmse": null,
      "aucroc": NaN,
      "mean_predicted": 0.6,
      "mean_ground_truth": 1.0,
      "std_predicted": 0.48989794855663565,
      "std_ground_truth": 0.0
    }
  },
  "predicted_metrics_summary": {
    "relevance_score": {
      "mean": 0.16668657905217044,
      "std": 0.08814108995019986,
      "min": 0.08641975308641975,
      "max": 0.3269230769230769
    },
    "utilization_score": {
      "mean": 0.1269843458015501,
      "std": 0.11506517870368949,
      "min": 0.018518518518518517,
      "max": 0.3269230769230769
    },
    "completeness_score": {
      "mean": 0.6771428571428572,
      "std": 0.3997550270261189,
      "min": 0.1,
      "max": 1.0
    },
    "adherence_score": {
      "mean": 0.6,
      "std": 0.48989794855663565,
      "min": 0.0,
      "max": 1.0
    }
  }
}