,rmse,aucroc,mean_predicted,mean_ground_truth,std_predicted,std_ground_truth
relevance_score,0.26016465972124897,,0.16464010837428944,0.08437109118085245,0.23516583891076054,0.09803085289608306
utilization_score,0.08808218497502086,,0.044335526060985585,0.061467588289800076,0.07151780875323227,0.05421133093201152
completeness_score,0.5480581861956995,,0.5657294956104699,0.8694999999999999,0.411194935896701,0.2763759014257373
adherence_score,,0.5081716036772217,0.56,0.89,0.4963869458396343,0.31288975694324034
