,rmse,aucroc,mean_predicted,mean_ground_truth,std_predicted,std_ground_truth
relevance_score,0.6206055130435628,0.6666666666666667,0.5687306915669875,0.08244444444444445,0.38791355468998934,0.031002986713947175
utilization_score,0.07206108060249974,0.5,0.018361344537815124,0.07244444444444445,0.0290577736978101,0.03178166254421052
completeness_score,0.9078379336086866,,0.024654731457800512,0.9,0.04116855891331948,0.2
adherence_score,0.8944271909999159,0.125,0.4,0.8,0.48989794855663565,0.4
