,rmse,aucroc,mean_predicted,mean_ground_truth,std_predicted,std_ground_truth
relevance_score,0.3012176250508086,,0.13177619853076405,0.12853010717514327,0.16995770156565912,0.2840117070606483
utilization_score,0.13763056156720488,,0.05598781773277064,0.04800738566805671,0.06815583105984614,0.11511273239299459
completeness_score,0.5319684304084914,,0.5955189911589437,0.7518070321959577,0.3787338439523499,0.35324510521224456
adherence_score,,0.671875,0.33,0.96,0.47021271782034985,0.19595917942265423
