,rmse,aucroc,mean_predicted,mean_ground_truth,std_predicted,std_ground_truth
relevance_score,0.6119331350704826,,0.545857022532967,0.12853010717514327,0.3089528835119723,0.2840117070606483
utilization_score,0.346048698288105,,0.2790477952659119,0.04800738566805671,0.22210988349052574,0.11511273239299459
completeness_score,0.5063820813531088,,0.5551847194158058,0.7518070321959577,0.32641878543024117,0.35324510521224456
adherence_score,,0.5208333333333334,0.29,0.96,0.4537620521815371,0.19595917942265423
