,rmse,aucroc,mean_predicted,mean_ground_truth,std_predicted,std_ground_truth
relevance_score,0.38208311718708865,,0.20597435907283348,0.12853010717514327,0.25250540121338916,0.2840117070606483
utilization_score,0.17102225789166903,,0.07480652903387906,0.04800738566805671,0.11125814057310515,0.11511273239299459
completeness_score,0.5699289188730393,,0.5693943737379783,0.7518070321959577,0.391079921680439,0.35324510521224456
adherence_score,,0.6145833333333334,0.22,0.96,0.41424630354415964,0.19595917942265423
