,rmse,aucroc,mean_predicted,mean_ground_truth,std_predicted,std_ground_truth
relevance_score,0.5438276996313882,,0.5054233600590661,0.12853010717514327,0.26203117117644387,0.2840117070606483
utilization_score,0.31995446450425397,,0.27943212621423336,0.04800738566805671,0.19055501414101425,0.11511273239299459
completeness_score,0.49439055750494637,,0.5933239614416085,0.7518070321959577,0.30911728091300306,0.35324510521224456
adherence_score,,0.703125,0.39,0.96,0.487749935930288,0.19595917942265423
