,rmse,aucroc,mean_predicted,mean_ground_truth,std_predicted,std_ground_truth
relevance_score,0.3908793542751022,,0.3112449075286491,0.07031843351735237,0.3026591375714823,0.10387687046787056
utilization_score,0.18552589650099843,,0.11039183005097497,0.02589249433268999,0.17438690797079093,0.04010633613234541
completeness_score,0.5603132483373104,,0.413800965159448,0.5815805254185372,0.3803520960501511,0.38866380494493075
adherence_score,,0.5527900441589723,0.29,0.53,0.4537620521815371,0.49909918853871116
