{
  "config": {
    "name": "cs_baseline_sparse_bm25",
    "domain": "customer_support",
    "subset": "techqa",
    "description": "Baseline: Sparse (BM25) - captures keywords in FAQ",
    "chunking_strategy": "sentence_based",
    "chunk_size": 512,
    "chunk_overlap": 50,
    "embedding_model": "sentence-transformers/all-MiniLM-L6-v2",
    "retrieval_type": "sparse",
    "top_k_final": 5,
    "use_cross_encoder": false,
    "hybrid_alpha": 0.0,
    "expected_improvement": "0% (Keyword baseline)",
    "rationale": "BM25 good for matching FAQ keywords"
  },
  "comparison": {
    "relevance_score": {
      "rmse": 0.3908793542751022,
      "aucroc": null,
      "mean_predicted": 0.3112449075286491,
      "mean_ground_truth": 0.07031843351735237,
      "std_predicted": 0.3026591375714823,
      "std_ground_truth": 0.10387687046787056
    },
    "utilization_score": {
      "rmse": 0.18552589650099843,
      "aucroc": null,
      "mean_predicted": 0.11039183005097497,
      "mean_ground_truth": 0.02589249433268999,
      "std_predicted": 0.17438690797079093,
      "std_ground_truth": 0.04010633613234541
    },
    "completeness_score": {
      "rmse": 0.5603132483373104,
      "aucroc": null,
      "mean_predicted": 0.413800965159448,
      "mean_ground_truth": 0.5815805254185372,
      "std_predicted": 0.3803520960501511,
      "std_ground_truth": 0.38866380494493075
    },
    "adherence_score": {
      "rmse": null,
      "aucroc": 0.5527900441589723,
      "mean_predicted": 0.29,
      "mean_ground_truth": 0.53,
      "std_predicted": 0.4537620521815371,
      "std_ground_truth": 0.49909918853871116
    }
  },
  "predicted_metrics_summary": {
    "relevance_score": {
      "mean": 0.3112449075286491,
      "std": 0.3026591375714823,
      "min": 0.0,
      "max": 1.0
    },
    "utilization_score": {
      "mean": 0.11039183005097497,
      "std": 0.17438690797079093,
      "min": 0.0,
      "max": 1.0
    },
    "completeness_score": {
      "mean": 0.413800965159448,
      "std": 0.3803520960501511,
      "min": 0.0,
      "max": 1.0
    },
    "adherence_score": {
      "mean": 0.29,
      "std": 0.4537620521815371,
      "min": 0.0,
      "max": 1.0
    }
  }
}