,rmse,aucroc,mean_predicted,mean_ground_truth,std_predicted,std_ground_truth
relevance_score,0.5864952082292124,0.6666666666666667,0.627478152309613,0.08244444444444445,0.23676244691907816,0.031002986713947175
utilization_score,0.47644007786325626,0.33333333333333337,0.4497003745318352,0.07244444444444445,0.27670780025495245,0.03178166254421052
completeness_score,0.5310367218940701,,0.72,0.9,0.3919183588453085,0.2
adherence_score,0.8944271909999159,0.5,0.0,0.8,0.0,0.4
