,rmse,aucroc,mean_predicted,mean_ground_truth,std_predicted,std_ground_truth
relevance_score,0.3868195528472705,,0.20280537893483389,0.12853010717514327,0.2828063477954662,0.2840117070606483
utilization_score,0.19100581466602265,,0.08070093590437967,0.04800738566805671,0.1476478196730644,0.11511273239299459
completeness_score,0.5814036508805286,,0.5124055647129022,0.7518070321959577,0.42012990440629416,0.35324510521224456
adherence_score,,0.7447916666666666,0.47,0.96,0.49909918853871116,0.19595917942265423
