,rmse,aucroc,mean_predicted,mean_ground_truth,std_predicted,std_ground_truth
relevance_score,0.2024416364429506,0.5558223289315727,0.0949001349803627,0.08437109118085245,0.17112671503113216,0.09803085289608306
utilization_score,0.10257597807462451,0.522636217948718,0.034301676540216895,0.061467588289800076,0.08105267424197542,0.05421133093201152
completeness_score,0.5785734968810352,,0.5691654705389437,0.8694999999999999,0.393636648841947,0.2763759014257373
adherence_score,0.6082762530298219,0.5929519918283963,0.62,0.89,0.4853864439804639,0.31288975694324034
