,rmse,aucroc,mean_predicted,mean_ground_truth,std_predicted,std_ground_truth
relevance_score,0.1891652116114212,,0.1048478660320552,0.08437109118085245,0.17536999255234914,0.09803085289608306
utilization_score,0.0826459374327495,,0.029132308339182074,0.061467588289800076,0.05399895103151249,0.05421133093201152
completeness_score,0.6552089832970852,,0.4603045402707881,0.8694999999999999,0.4263442403828899,0.2763759014257373
adherence_score,,0.5648621041879469,0.57,0.89,0.4950757517794625,0.31288975694324034
