,rmse,aucroc,mean_predicted,mean_ground_truth,std_predicted,std_ground_truth
relevance_score,0.08977080875577875,1.0,0.08998269785087877,0.08244444444444445,0.10535119557148111,0.031002986713947175
utilization_score,0.1133326449913811,0.5,0.0776299118918484,0.07244444444444445,0.12804772067987116,0.03178166254421052
completeness_score,0.44944410108488464,,0.72,0.9,0.3919183588453085,0.2
adherence_score,0.6324555320336759,0.75,0.4,0.8,0.48989794855663565,0.4
