{
  "config": {
    "name": "finance_dense_sentence_financebert",
    "domain": "finance",
    "subset": "finqa",
    "chunking_strategy": "semantic",
    "embedding_model": "FinLang/finance-embeddings-investopedia",
    "retrieval_type": "sparse",
    "top_k_final": 10,
    "use_cross_encoder": false,
    "hybrid_alpha": 0.3
  },
  "comparison": {
    "relevance_score": {
      "rmse": 0.08977080875577875,
      "aucroc": 1.0,
      "mean_predicted": 0.08998269785087877,
      "mean_ground_truth": 0.08244444444444445,
      "std_predicted": 0.10535119557148111,
      "std_ground_truth": 0.031002986713947175
    },
    "utilization_score": {
      "rmse": 0.1133326449913811,
      "aucroc": 0.5,
      "mean_predicted": 0.0776299118918484,
      "mean_ground_truth": 0.07244444444444445,
      "std_predicted": 0.12804772067987116,
      "std_ground_truth": 0.03178166254421052
    },
    "completeness_score": {
      "rmse": 0.44944410108488464,
      "aucroc": NaN,
      "mean_predicted": 0.72,
      "mean_ground_truth": 0.9,
      "std_predicted": 0.3919183588453085,
      "std_ground_truth": 0.2
    },
    "adherence_score": {
      "rmse": 0.6324555320336759,
      "aucroc": 0.75,
      "mean_predicted": 0.4,
      "mean_ground_truth": 0.8,
      "std_predicted": 0.48989794855663565,
      "std_ground_truth": 0.4
    }
  },
  "predicted_metrics_summary": {
    "relevance_score": {
      "mean": 0.08998269785087877,
      "std": 0.10535119557148111,
      "min": 0.017777777777777778,
      "max": 0.29411764705882354
    },
    "utilization_score": {
      "mean": 0.0776299118918484,
      "std": 0.12804772067987116,
      "min": 0.0,
      "max": 0.3333333333333333
    },
    "completeness_score": {
      "mean": 0.72,
      "std": 0.3919183588453085,
      "min": 0.0,
      "max": 1.0
    },
    "adherence_score": {
      "mean": 0.4,
      "std": 0.48989794855663565,
      "min": 0.0,
      "max": 1.0
    }
  }
}