,rmse,aucroc,mean_predicted,mean_ground_truth,std_predicted,std_ground_truth
relevance_score,0.7215456893352727,,0.6444409632329094,0.013801783831704044,0.35920317932888063,0.010056422773898913
utilization_score,0.4866040136161129,,0.367239417574988,0.013358521420356527,0.33278293384610164,0.010554735776822324
completeness_score,0.5472738732717243,,0.6825396825396824,0.8333333333333334,0.38358876106649437,0.23570226039551584
adherence_score,,0.5,0.0,0.6666666666666666,0.0,0.4714045207910317
