,rmse,aucroc,mean_predicted,mean_ground_truth,std_predicted,std_ground_truth
relevance_score,0.3726767823531173,,0.17289885336639224,0.12853010717514327,0.1911471560623014,0.2840117070606483
utilization_score,0.167154413646272,,0.08818032274705866,0.04800738566805671,0.11999563107423891,0.11511273239299459
completeness_score,0.5775637441846206,,0.596458156830547,0.7518070321959577,0.3745240697681497,0.35324510521224456
adherence_score,,0.546875,0.34,0.96,0.4737087712930805,0.19595917942265423
