,rmse,aucroc,mean_predicted,mean_ground_truth,std_predicted,std_ground_truth
relevance_score,0.60740897914769,,0.5459711505544422,0.12853010717514327,0.3013589949910588,0.2840117070606483
utilization_score,0.36026667807929375,,0.2915107207759253,0.04800738566805671,0.25766257030299666,0.11511273239299459
completeness_score,0.5272056415627898,,0.5651209365184142,0.7518070321959577,0.34031890153683464,0.35324510521224456
adherence_score,,0.65625,0.3,0.96,0.45825756949558394,0.19595917942265423
