,rmse,aucroc,mean_predicted,mean_ground_truth,std_predicted,std_ground_truth
relevance_score,0.36400234497890904,,0.23075678627253182,0.12853010717514327,0.2886348849954401,0.2840117070606483
utilization_score,0.1870213003951264,,0.0929268979553774,0.04800738566805671,0.15278854974988712,0.11511273239299459
completeness_score,0.5467361687516762,,0.5179147539898638,0.7518070321959577,0.4105912006162604,0.35324510521224456
adherence_score,,0.640625,0.52,0.96,0.4995998398718718,0.19595917942265423
