,rmse,aucroc,mean_predicted,mean_ground_truth,std_predicted,std_ground_truth
relevance_score,0.5095764757128931,,0.16475482703669816,0.40493993993993993,0.11603284824815259,0.4858864064927407
utilization_score,0.1475118933674998,,0.09994444839537,0.030752798252798252,0.09951083821589796,0.055401678866711226
completeness_score,0.5621565739809115,,0.6859477124183007,0.4,0.30422783079045884,0.37416573867739417
adherence_score,,,0.2,1.0,0.4000000000000001,0.0
