,rmse,aucroc,mean_predicted,mean_ground_truth,std_predicted,std_ground_truth
relevance_score,0.17020466164638742,,0.16826887802045384,0.08244444444444445,0.15833636124766842,0.031002986713947175
utilization_score,0.06259513331557572,,0.042425348172474606,0.07244444444444445,0.04218494978471064,0.03178166254421052
completeness_score,0.6703647431726171,,0.3433333333333333,0.9,0.3437699489160997,0.2
adherence_score,,0.75,0.4,0.8,0.48989794855663565,0.4
