,rmse,aucroc,mean_predicted,mean_ground_truth,std_predicted,std_ground_truth
relevance_score,0.30434410309006593,,0.1540946981778685,0.12853010717514327,0.16461646984381892,0.2840117070606483
utilization_score,0.1475771790009827,,0.08121145702881931,0.04800738566805671,0.080854686324,0.11511273239299459
completeness_score,0.4650355538823303,,0.6734023116572638,0.7518070321959577,0.3517917116281337,0.35324510521224456
adherence_score,,0.6510416666666666,0.29,0.96,0.4537620521815371,0.19595917942265423
