,rmse,aucroc,mean_predicted,mean_ground_truth,std_predicted,std_ground_truth
relevance_score,0.21807418115467184,,0.10611435397896245,0.08437109118085245,0.19405423046523265,0.09803085289608306
utilization_score,0.11167386118072709,,0.03085860720962984,0.061467588289800076,0.0896794517155482,0.05421133093201152
completeness_score,0.6187766353422312,,0.5395334906501597,0.8694999999999999,0.4154045779038444,0.2763759014257373
adherence_score,,0.5194075587334015,0.58,0.89,0.49355850717012273,0.31288975694324034
