,rmse,aucroc,mean_predicted,mean_ground_truth,std_predicted,std_ground_truth
relevance_score,0.3064840578259957,,0.28214747675683755,0.013801783831704044,0.13828648668470708,0.010056422773898913
utilization_score,0.08743767269400707,,0.08006481468510242,0.013358521420356527,0.057496770463641204,0.010554735776822324
completeness_score,0.45347634305838636,,0.38170426065162905,0.8333333333333334,0.24148204577627772,0.23570226039551584
adherence_score,,0.75,0.3333333333333333,0.6666666666666666,0.4714045207910317,0.4714045207910317
