,rmse,aucroc,mean_predicted,mean_ground_truth,std_predicted,std_ground_truth
relevance_score,0.5054284122363504,,0.44396685760826493,0.07031843351735237,0.3517824503777245,0.10387687046787056
utilization_score,0.30126061405764243,,0.19681886298885096,0.02589249433268999,0.2485879000963029,0.04010633613234541
completeness_score,0.5997088826545106,,0.4047285013767978,0.5815805254185372,0.3724287019038055,0.38866380494493075
adherence_score,,0.6023685266961061,0.3,0.53,0.45825756949558394,0.49909918853871116
