{
  "config": {
    "name": "cs_exp4_semantic_chunking_mpnet",
    "domain": "customer_support",
    "subset": "techqa",
    "description": "Semantic-aware chunking (groups similar sentences)",
    "chunking_strategy": "semantic",
    "chunk_size": 512,
    "chunk_overlap": 50,
    "embedding_model": "sentence-transformers/all-mpnet-base-v2",
    "retrieval_type": "hybrid",
    "top_k_final": 5,
    "use_cross_encoder": false,
    "hybrid_alpha": 0.5,
    "expected_improvement": "+20-30%",
    "rationale": "Semantic chunking preserves FAQ answer structure"
  },
  "comparison": {
    "relevance_score": {
      "rmse": 0.5054284122363504,
      "aucroc": null,
      "mean_predicted": 0.44396685760826493,
      "mean_ground_truth": 0.07031843351735237,
      "std_predicted": 0.3517824503777245,
      "std_ground_truth": 0.10387687046787056
    },
    "utilization_score": {
      "rmse": 0.30126061405764243,
      "aucroc": null,
      "mean_predicted": 0.19681886298885096,
      "mean_ground_truth": 0.02589249433268999,
      "std_predicted": 0.2485879000963029,
      "std_ground_truth": 0.04010633613234541
    },
    "completeness_score": {
      "rmse": 0.5997088826545106,
      "aucroc": null,
      "mean_predicted": 0.4047285013767978,
      "mean_ground_truth": 0.5815805254185372,
      "std_predicted": 0.3724287019038055,
      "std_ground_truth": 0.38866380494493075
    },
    "adherence_score": {
      "rmse": null,
      "aucroc": 0.6023685266961061,
      "mean_predicted": 0.3,
      "mean_ground_truth": 0.53,
      "std_predicted": 0.45825756949558394,
      "std_ground_truth": 0.49909918853871116
    }
  },
  "predicted_metrics_summary": {
    "relevance_score": {
      "mean": 0.44396685760826493,
      "std": 0.3517824503777245,
      "min": 0.0,
      "max": 1.0
    },
    "utilization_score": {
      "mean": 0.19681886298885096,
      "std": 0.2485879000963029,
      "min": 0.0,
      "max": 1.0
    },
    "completeness_score": {
      "mean": 0.4047285013767978,
      "std": 0.3724287019038055,
      "min": 0.0,
      "max": 1.0
    },
    "adherence_score": {
      "mean": 0.3,
      "std": 0.45825756949558394,
      "min": 0.0,
      "max": 1.0
    }
  }
}