,rmse,aucroc,mean_predicted,mean_ground_truth,std_predicted,std_ground_truth
relevance_score,0.30594744927368006,,0.18326453625399275,0.12853010717514327,0.15720732712613855,0.2840117070606483
utilization_score,0.15518884816599224,,0.09679573266142087,0.04800738566805671,0.09022979670249029,0.11511273239299459
completeness_score,0.4747534535321502,,0.6247965286658752,0.7518070321959577,0.34077923569821483,0.35324510521224456
adherence_score,,0.6666666666666666,0.32,0.96,0.46647615158762396,0.19595917942265423
