,rmse,aucroc,mean_predicted,mean_ground_truth,std_predicted,std_ground_truth
relevance_score,0.3307982436501041,,0.1583022813887217,0.12853010717514327,0.15453918755365487,0.2840117070606483
utilization_score,0.15546212299867304,,0.08763640355493775,0.04800738566805671,0.08101155802720915,0.11511273239299459
completeness_score,0.4515491432772859,,0.6641553176228259,0.7518070321959577,0.3516370190944474,0.35324510521224456
adherence_score,,0.5729166666666666,0.39,0.96,0.4877499359302879,0.19595917942265423
