,rmse,aucroc,mean_predicted,mean_ground_truth,std_predicted,std_ground_truth
relevance_score,0.5110565910938983,,0.4739312840137702,0.07031843351735237,0.33516080803440496,0.10387687046787056
utilization_score,0.3264730407511907,,0.2259162236527653,0.02589249433268999,0.2637419318153466,0.04010633613234541
completeness_score,0.5559205138191005,,0.4585535301324276,0.5815805254185372,0.38162933184546544,0.38866380494493075
adherence_score,,0.5291047771979125,0.35,0.53,0.4769696007084728,0.49909918853871116
