,rmse,aucroc,mean_predicted,mean_ground_truth,std_predicted,std_ground_truth
relevance_score,0.5991164475270514,,0.2480164200594308,0.40493993993993993,0.12556349355494253,0.4858864064927407
utilization_score,0.13091781943436465,,0.1446757344606807,0.030752798252798252,0.11501457891185786,0.055401678866711226
completeness_score,0.5696734968347661,,0.5181488801054017,0.4,0.35134162205650243,0.37416573867739417
adherence_score,,,0.2,1.0,0.4000000000000001,0.0
