,rmse,aucroc,mean_predicted,mean_ground_truth,std_predicted,std_ground_truth
relevance_score,0.1899692022152757,,0.11937319776433304,0.08437109118085245,0.16712856010289803,0.09803085289608306
utilization_score,0.0895121814146672,,0.04334625173848302,0.061467588289800076,0.07457755245160426,0.05421133093201152
completeness_score,0.6371408644452435,,0.4984628042187961,0.8694999999999999,0.4102804662393728,0.2763759014257373
adherence_score,,0.4795709908069459,0.6,0.89,0.4898979485566356,0.31288975694324034
