{
  "config": {
    "name": "finance_dense_sentence_minilm",
    "domain": "finance",
    "subset": "finqa",
    "chunking_strategy": "sentence_based",
    "embedding_model": "sentence-transformers/all-MiniLM-L6-v2",
    "retrieval_type": "dense",
    "top_k_final": 10,
    "use_cross_encoder": false,
    "hybrid_alpha": 0.3
  },
  "comparison": {
    "relevance_score": {
      "rmse": 0.1899692022152757,
      "aucroc": null,
      "mean_predicted": 0.11937319776433304,
      "mean_ground_truth": 0.08437109118085245,
      "std_predicted": 0.16712856010289803,
      "std_ground_truth": 0.09803085289608306
    },
    "utilization_score": {
      "rmse": 0.0895121814146672,
      "aucroc": null,
      "mean_predicted": 0.04334625173848302,
      "mean_ground_truth": 0.061467588289800076,
      "std_predicted": 0.07457755245160426,
      "std_ground_truth": 0.05421133093201152
    },
    "completeness_score": {
      "rmse": 0.6371408644452435,
      "aucroc": null,
      "mean_predicted": 0.4984628042187961,
      "mean_ground_truth": 0.8694999999999999,
      "std_predicted": 0.4102804662393728,
      "std_ground_truth": 0.2763759014257373
    },
    "adherence_score": {
      "rmse": null,
      "aucroc": 0.4795709908069459,
      "mean_predicted": 0.6,
      "mean_ground_truth": 0.89,
      "std_predicted": 0.4898979485566356,
      "std_ground_truth": 0.31288975694324034
    }
  },
  "predicted_metrics_summary": {
    "relevance_score": {
      "mean": 0.11937319776433304,
      "std": 0.16712856010289803,
      "min": 0.0,
      "max": 0.912621359223301
    },
    "utilization_score": {
      "mean": 0.04334625173848302,
      "std": 0.07457755245160426,
      "min": 0.0,
      "max": 0.5217391304347826
    },
    "completeness_score": {
      "mean": 0.4984628042187961,
      "std": 0.4102804662393728,
      "min": 0.0,
      "max": 1.0
    },
    "adherence_score": {
      "mean": 0.6,
      "std": 0.4898979485566356,
      "min": 0.0,
      "max": 1.0
    }
  }
}