,rmse,aucroc,mean_predicted,mean_ground_truth,std_predicted,std_ground_truth
relevance_score,0.20646038618960505,,0.1275418502317703,0.08437109118085245,0.1771830654137017,0.09803085289608306
utilization_score,0.0996555832676533,,0.036034334025174364,0.061467588289800076,0.07502935630945325,0.05421133093201152
completeness_score,0.6790009438143314,,0.4395326546622449,0.8694999999999999,0.4250312724158375,0.2763759014257373
adherence_score,,0.5817160367722165,0.6,0.89,0.48989794855663565,0.31288975694324034
