,rmse,aucroc,mean_predicted,mean_ground_truth,std_predicted,std_ground_truth
relevance_score,0.4097048390492642,,0.3593573188250175,0.07031843351735237,0.28876912202858385,0.10387687046787056
utilization_score,0.2760739610729103,,0.1876146951826606,0.02589249433268999,0.22545277008893064,0.04010633613234541
completeness_score,0.5922283493382884,,0.5276108099449657,0.5815805254185372,0.4064617220467976,0.38866380494493075
adherence_score,,0.5008028904054597,0.32,0.53,0.46647615158762396,0.49909918853871116
