{
  "config": {
    "name": "cs_exp1_hybrid_dense_sparse",
    "domain": "customer_support",
    "subset": "techqa",
    "description": "Hybrid: Combine dense (semantic) + sparse (lexical)",
    "chunking_strategy": "sentence_based",
    "chunk_size": 512,
    "chunk_overlap": 50,
    "embedding_model": "sentence-transformers/all-MiniLM-L6-v2",
    "retrieval_type": "hybrid",
    "top_k_final": 5,
    "use_cross_encoder": false,
    "hybrid_alpha": 0.5,
    "expected_improvement": "+15-25%",
    "rationale": "Customer support queries have specific keywords + semantic meaning"
  },
  "comparison": {
    "relevance_score": {
      "rmse": 0.4097048390492642,
      "aucroc": null,
      "mean_predicted": 0.3593573188250175,
      "mean_ground_truth": 0.07031843351735237,
      "std_predicted": 0.28876912202858385,
      "std_ground_truth": 0.10387687046787056
    },
    "utilization_score": {
      "rmse": 0.2760739610729103,
      "aucroc": null,
      "mean_predicted": 0.1876146951826606,
      "mean_ground_truth": 0.02589249433268999,
      "std_predicted": 0.22545277008893064,
      "std_ground_truth": 0.04010633613234541
    },
    "completeness_score": {
      "rmse": 0.5922283493382884,
      "aucroc": null,
      "mean_predicted": 0.5276108099449657,
      "mean_ground_truth": 0.5815805254185372,
      "std_predicted": 0.4064617220467976,
      "std_ground_truth": 0.38866380494493075
    },
    "adherence_score": {
      "rmse": null,
      "aucroc": 0.5008028904054597,
      "mean_predicted": 0.32,
      "mean_ground_truth": 0.53,
      "std_predicted": 0.46647615158762396,
      "std_ground_truth": 0.49909918853871116
    }
  },
  "predicted_metrics_summary": {
    "relevance_score": {
      "mean": 0.3593573188250175,
      "std": 0.28876912202858385,
      "min": 0.0,
      "max": 1.0
    },
    "utilization_score": {
      "mean": 0.1876146951826606,
      "std": 0.22545277008893064,
      "min": 0.0,
      "max": 0.8938053097345132
    },
    "completeness_score": {
      "mean": 0.5276108099449657,
      "std": 0.4064617220467976,
      "min": 0.0,
      "max": 1.0
    },
    "adherence_score": {
      "mean": 0.32,
      "std": 0.46647615158762396,
      "min": 0.0,
      "max": 1.0
    }
  }
}