,rmse,aucroc,mean_predicted,mean_ground_truth,std_predicted,std_ground_truth
relevance_score,0.4870819588520271,0.33333333333333337,0.44076483946611555,0.08244444444444445,0.31740029283911453,0.031002986713947175
utilization_score,0.29813958093154724,0.6666666666666667,0.2585861902286428,0.07244444444444445,0.239822280921916,0.03178166254421052
completeness_score,0.5,,0.8,0.9,0.4,0.2
adherence_score,0.7745966692414834,0.625,0.2,0.8,0.4000000000000001,0.4
