,rmse,aucroc,mean_predicted,mean_ground_truth,std_predicted,std_ground_truth
relevance_score,0.39907996897985737,,0.5726948627470471,0.40493993993993993,0.2787482547709927,0.4858864064927407
utilization_score,0.4476789339586181,,0.3032748538011696,0.030752798252798252,0.36205388214577544,0.055401678866711226
completeness_score,0.4855912031411271,,0.5153846153846153,0.4,0.4307692307692308,0.37416573867739417
adherence_score,,,0.4,1.0,0.48989794855663565,0.0
