,rmse,aucroc,mean_predicted,mean_ground_truth,std_predicted,std_ground_truth
relevance_score,0.21672448559621907,,0.20647225298388086,0.013801783831704044,0.10778762290618643,0.010056422773898913
utilization_score,0.2120354432986711,,0.19872031499938478,0.013358521420356527,0.11223131372301669,0.010554735776822324
completeness_score,0.19985201625794738,,0.9487179487179488,0.8333333333333334,0.0725237724293895,0.23570226039551584
adherence_score,,0.5,0.0,0.6666666666666666,0.0,0.4714045207910317
