{
  "config": {
    "name": "cs_exp3_hybrid_mpnet",
    "domain": "customer_support",
    "subset": "techqa",
    "description": "Hybrid with stronger embeddings (MPNet-base)",
    "chunking_strategy": "sentence_based",
    "chunk_size": 512,
    "chunk_overlap": 50,
    "embedding_model": "sentence-transformers/all-mpnet-base-v2",
    "retrieval_type": "hybrid",
    "top_k_final": 5,
    "use_cross_encoder": false,
    "hybrid_alpha": 0.5,
    "expected_improvement": "+10-20%",
    "rationale": "MPNet > MiniLM for semantic understanding"
  },
  "comparison": {
    "relevance_score": {
      "rmse": 0.21672448559621907,
      "aucroc": null,
      "mean_predicted": 0.20647225298388086,
      "mean_ground_truth": 0.013801783831704044,
      "std_predicted": 0.10778762290618643,
      "std_ground_truth": 0.010056422773898913
    },
    "utilization_score": {
      "rmse": 0.2120354432986711,
      "aucroc": null,
      "mean_predicted": 0.19872031499938478,
      "mean_ground_truth": 0.013358521420356527,
      "std_predicted": 0.11223131372301669,
      "std_ground_truth": 0.010554735776822324
    },
    "completeness_score": {
      "rmse": 0.19985201625794738,
      "aucroc": null,
      "mean_predicted": 0.9487179487179488,
      "mean_ground_truth": 0.8333333333333334,
      "std_predicted": 0.0725237724293895,
      "std_ground_truth": 0.23570226039551584
    },
    "adherence_score": {
      "rmse": null,
      "aucroc": 0.5,
      "mean_predicted": 0.0,
      "mean_ground_truth": 0.6666666666666666,
      "std_predicted": 0.0,
      "std_ground_truth": 0.4714045207910317
    }
  },
  "predicted_metrics_summary": {
    "relevance_score": {
      "mean": 0.20647225298388086,
      "std": 0.10778762290618643,
      "min": 0.1111111111111111,
      "max": 0.35714285714285715
    },
    "utilization_score": {
      "mean": 0.19872031499938478,
      "std": 0.11223131372301669,
      "min": 0.1111111111111111,
      "max": 0.35714285714285715
    },
    "completeness_score": {
      "mean": 0.9487179487179488,
      "std": 0.0725237724293895,
      "min": 0.8461538461538461,
      "max": 1.0
    },
    "adherence_score": {
      "mean": 0.0,
      "std": 0.0,
      "min": 0.0,
      "max": 0.0
    }
  }
}