,rmse,aucroc,mean_predicted,mean_ground_truth,std_predicted,std_ground_truth
relevance_score,0.5795102532808121,,0.1106556389230241,0.40493993993993993,0.0351642742196687,0.4858864064927407
utilization_score,0.0728419972177076,,0.05025731940826851,0.030752798252798252,0.022500707551381928,0.055401678866711226
completeness_score,0.6123816929566728,,0.44190476190476186,0.4,0.2520734874672468,0.37416573867739417
adherence_score,,,0.4,1.0,0.48989794855663565,0.0
