,rmse,aucroc,mean_predicted,mean_ground_truth,std_predicted,std_ground_truth
relevance_score,0.6251725872516396,,0.0070082027514161704,0.40493993993993993,0.009320677717428881,0.4858864064927407
utilization_score,0.06423091403438919,,0.0070082027514161704,0.030752798252798252,0.009320677717428881,0.055401678866711226
completeness_score,0.7071067811865476,,0.4,0.4,0.48989794855663565,0.37416573867739417
adherence_score,,,0.0,1.0,0.0,0.0
