,rmse,aucroc,mean_predicted,mean_ground_truth,std_predicted,std_ground_truth
relevance_score,0.4555906722865486,,0.39712133823815526,0.07031843351735237,0.3231866493817902,0.10387687046787056
utilization_score,0.2816386211421429,,0.18457478001495217,0.02589249433268999,0.24106445933917334,0.04010633613234541
completeness_score,0.608910000515993,,0.39942032944860983,0.5815805254185372,0.38272055818976125,0.38866380494493075
adherence_score,,0.5549979927739864,0.42,0.53,0.49355850717012273,0.49909918853871116
