,rmse,aucroc,mean_predicted,mean_ground_truth,std_predicted,std_ground_truth
relevance_score,0.4687767129848032,,0.38391655280640036,0.07031843351735237,0.3422912066262442,0.10387687046787056
utilization_score,0.2489931847059674,,0.16155560709526406,0.02589249433268999,0.21514119438610838,0.04010633613234541
completeness_score,0.5883524625514124,,0.45238215121666103,0.5815805254185372,0.38428413836006414,0.38866380494493075
adherence_score,,0.6093938177438779,0.35,0.53,0.4769696007084728,0.49909918853871116
