,rmse,aucroc,mean_predicted,mean_ground_truth,std_predicted,std_ground_truth
relevance_score,0.38340415396436595,,0.1994210287896788,0.12853010717514327,0.21353292221112985,0.2840117070606483
utilization_score,0.13851176412683053,,0.0839733965436371,0.04800738566805671,0.12644085007292927,0.11511273239299459
completeness_score,0.560007228908339,,0.5711931536043892,0.7518070321959577,0.36264757958390514,0.35324510521224456
adherence_score,,0.6875,0.36,0.96,0.48,0.19595917942265423
