,rmse,aucroc,mean_predicted,mean_ground_truth,std_predicted,std_ground_truth
relevance_score,0.20683458322535403,,0.12507848288573598,0.08437109118085245,0.18409649048878524,0.09803085289608306
utilization_score,0.08885484308952739,,0.03561636199721206,0.061467588289800076,0.06338193033715078,0.05421133093201152
completeness_score,0.7291655618806613,,0.34636190980080916,0.8694999999999999,0.395328961491337,0.2763759014257373
adherence_score,,0.5194075587334015,0.58,0.89,0.49355850717012273,0.31288975694324034
