{
  "config": {
    "name": "finance_dense_sentence_finbert",
    "domain": "finance",
    "subset": "finqa",
    "chunking_strategy": "sentence_based",
    "embedding_model": "yiyanghkust/finbert-pretrain",
    "retrieval_type": "hybrid",
    "top_k_final": 10,
    "use_cross_encoder": false,
    "hybrid_alpha": 0.3
  },
  "comparison": {
    "relevance_score": {
      "rmse": 0.20683458322535403,
      "aucroc": null,
      "mean_predicted": 0.12507848288573598,
      "mean_ground_truth": 0.08437109118085245,
      "std_predicted": 0.18409649048878524,
      "std_ground_truth": 0.09803085289608306
    },
    "utilization_score": {
      "rmse": 0.08885484308952739,
      "aucroc": null,
      "mean_predicted": 0.03561636199721206,
      "mean_ground_truth": 0.061467588289800076,
      "std_predicted": 0.06338193033715078,
      "std_ground_truth": 0.05421133093201152
    },
    "completeness_score": {
      "rmse": 0.7291655618806613,
      "aucroc": null,
      "mean_predicted": 0.34636190980080916,
      "mean_ground_truth": 0.8694999999999999,
      "std_predicted": 0.395328961491337,
      "std_ground_truth": 0.2763759014257373
    },
    "adherence_score": {
      "rmse": null,
      "aucroc": 0.5194075587334015,
      "mean_predicted": 0.58,
      "mean_ground_truth": 0.89,
      "std_predicted": 0.49355850717012273,
      "std_ground_truth": 0.31288975694324034
    }
  },
  "predicted_metrics_summary": {
    "relevance_score": {
      "mean": 0.12507848288573598,
      "std": 0.18409649048878524,
      "min": 0.0,
      "max": 0.9622641509433962
    },
    "utilization_score": {
      "mean": 0.03561636199721206,
      "std": 0.06338193033715078,
      "min": 0.0,
      "max": 0.40186915887850466
    },
    "completeness_score": {
      "mean": 0.34636190980080916,
      "std": 0.395328961491337,
      "min": 0.0,
      "max": 1.0
    },
    "adherence_score": {
      "mean": 0.58,
      "std": 0.49355850717012273,
      "min": 0.0,
      "max": 1.0
    }
  }
}