,rmse,aucroc,mean_predicted,mean_ground_truth,std_predicted,std_ground_truth
relevance_score,0.3877382821152437,,0.23434399304049713,0.12853010717514327,0.22815946880222454,0.2840117070606483
utilization_score,0.1883313883955509,,0.13090405867616792,0.04800738566805671,0.15513122454048056,0.11511273239299459
completeness_score,0.4623102684750489,,0.6445930755003227,0.7518070321959577,0.35453948006083136,0.35324510521224456
adherence_score,,0.546875,0.34,0.96,0.4737087712930805,0.19595917942265423
