{
  "config": {
    "name": "gk_exp6_larger_chunks_legalbert",
    "domain": "general_knowledge",
    "subset": "cuad",
    "description": "Larger chunks for complete legal context",
    "chunking_strategy": "paragraph_based",
    "chunk_size": 1024,
    "chunk_overlap": 100,
    "embedding_model": "sentence-transformers/all-mpnet-base-v2",
    "retrieval_type": "hybrid",
    "top_k_final": 5,
    "use_cross_encoder": true,
    "cross_encoder_model": "cross-encoder/ms-marco-MiniLM-L-6-v2",
    "hybrid_alpha": 0.5,
    "expected_improvement": "+35-45%",
    "rationale": "Larger chunks preserve legal context"
  },
  "comparison": {
    "relevance_score": {
      "rmse": 0.3877382821152437,
      "aucroc": null,
      "mean_predicted": 0.23434399304049713,
      "mean_ground_truth": 0.12853010717514327,
      "std_predicted": 0.22815946880222454,
      "std_ground_truth": 0.2840117070606483
    },
    "utilization_score": {
      "rmse": 0.1883313883955509,
      "aucroc": null,
      "mean_predicted": 0.13090405867616792,
      "mean_ground_truth": 0.04800738566805671,
      "std_predicted": 0.15513122454048056,
      "std_ground_truth": 0.11511273239299459
    },
    "completeness_score": {
      "rmse": 0.4623102684750489,
      "aucroc": null,
      "mean_predicted": 0.6445930755003227,
      "mean_ground_truth": 0.7518070321959577,
      "std_predicted": 0.35453948006083136,
      "std_ground_truth": 0.35324510521224456
    },
    "adherence_score": {
      "rmse": null,
      "aucroc": 0.546875,
      "mean_predicted": 0.34,
      "mean_ground_truth": 0.96,
      "std_predicted": 0.4737087712930805,
      "std_ground_truth": 0.19595917942265423
    }
  },
  "predicted_metrics_summary": {
    "relevance_score": {
      "mean": 0.23434399304049713,
      "std": 0.22815946880222454,
      "min": 0.0,
      "max": 0.9814814814814815
    },
    "utilization_score": {
      "mean": 0.13090405867616792,
      "std": 0.15513122454048056,
      "min": 0.0,
      "max": 0.7627118644067796
    },
    "completeness_score": {
      "mean": 0.6445930755003227,
      "std": 0.35453948006083136,
      "min": 0.0,
      "max": 1.0
    },
    "adherence_score": {
      "mean": 0.34,
      "std": 0.4737087712930805,
      "min": 0.0,
      "max": 1.0
    }
  }
}