,rmse,aucroc,mean_predicted,mean_ground_truth,std_predicted,std_ground_truth
relevance_score,0.43616600733040467,,0.21384956151271697,0.12853010717514327,0.2879553052826741,0.2840117070606483
utilization_score,0.1783792002972195,,0.07804563202948954,0.04800738566805671,0.13039882658715227,0.11511273239299459
completeness_score,0.5844902224018277,,0.5246544113426058,0.7518070321959577,0.4093827161637597,0.35324510521224456
adherence_score,,0.7864583333333333,0.55,0.96,0.49749371855331004,0.19595917942265423
