,rmse,aucroc,mean_predicted,mean_ground_truth,std_predicted,std_ground_truth
relevance_score,0.35546043780907144,,0.18143867359868848,0.12853010717514327,0.22113066739983608,0.2840117070606483
utilization_score,0.14597662509804812,,0.08317529798178257,0.04800738566805671,0.08828832389766005,0.11511273239299459
completeness_score,0.5043142124156393,,0.6648063110240653,0.7518070321959577,0.34549703449128916,0.35324510521224456
adherence_score,,0.453125,0.41,0.96,0.49183330509431744,0.19595917942265423
