{
  "config": {
    "name": "gk_exp2_hybrid_legalbert",
    "domain": "general_knowledge",
    "subset": "cuad",
    "description": "Hybrid with LegalBERT + Reranking",
    "chunking_strategy": "sentence_based",
    "chunk_size": 512,
    "chunk_overlap": 50,
    "embedding_model": "sentence-transformers/all-mpnet-base-v2",
    "retrieval_type": "hybrid",
    "top_k_final": 5,
    "use_cross_encoder": true,
    "cross_encoder_model": "cross-encoder/ms-marco-MiniLM-L-6-v2",
    "hybrid_alpha": 0.5,
    "expected_improvement": "+35-45%",
    "rationale": "Legal + semantic + exact phrase matching"
  },
  "comparison": {
    "relevance_score": {
      "rmse": 0.35546043780907144,
      "aucroc": null,
      "mean_predicted": 0.18143867359868848,
      "mean_ground_truth": 0.12853010717514327,
      "std_predicted": 0.22113066739983608,
      "std_ground_truth": 0.2840117070606483
    },
    "utilization_score": {
      "rmse": 0.14597662509804812,
      "aucroc": null,
      "mean_predicted": 0.08317529798178257,
      "mean_ground_truth": 0.04800738566805671,
      "std_predicted": 0.08828832389766005,
      "std_ground_truth": 0.11511273239299459
    },
    "completeness_score": {
      "rmse": 0.5043142124156393,
      "aucroc": null,
      "mean_predicted": 0.6648063110240653,
      "mean_ground_truth": 0.7518070321959577,
      "std_predicted": 0.34549703449128916,
      "std_ground_truth": 0.35324510521224456
    },
    "adherence_score": {
      "rmse": null,
      "aucroc": 0.453125,
      "mean_predicted": 0.41,
      "mean_ground_truth": 0.96,
      "std_predicted": 0.49183330509431744,
      "std_ground_truth": 0.19595917942265423
    }
  },
  "predicted_metrics_summary": {
    "relevance_score": {
      "mean": 0.18143867359868848,
      "std": 0.22113066739983608,
      "min": 0.002012072434607646,
      "max": 0.9879518072289156
    },
    "utilization_score": {
      "mean": 0.08317529798178257,
      "std": 0.08828832389766005,
      "min": 0.002012072434607646,
      "max": 0.44
    },
    "completeness_score": {
      "mean": 0.6648063110240653,
      "std": 0.34549703449128916,
      "min": 0.012195121951219513,
      "max": 1.0
    },
    "adherence_score": {
      "mean": 0.41,
      "std": 0.49183330509431744,
      "min": 0.0,
      "max": 1.0
    }
  }
}