,rmse,aucroc,mean_predicted,mean_ground_truth,std_predicted,std_ground_truth
relevance_score,0.5281085748117276,,0.3115202120793402,0.40493993993993993,0.3044386356723131,0.4858864064927407
utilization_score,0.2513563916788668,,0.13733691650022273,0.030752798252798252,0.21288950546623328,0.055401678866711226
completeness_score,0.3229904850488461,,0.37055791560464457,0.4,0.3672716603464224,0.37416573867739417
adherence_score,,,0.2,1.0,0.4000000000000001,0.0
