{
  "config": {
    "name": "legal_exp5_high_recall_legalbert",
    "domain": "pubmedqa",
    "subset": "cuad",
    "description": "High recall: Find all relevant clauses (10 docs)",
    "chunking_strategy": "paragraph_based",
    "chunk_size": 512,
    "chunk_overlap": 50,
    "embedding_model": "pritamdeka/BioBERT-mnli-snli-scinli-scitail-mednli-stsb",
    "retrieval_type": "hybrid",
    "top_k_final": 10,
    "use_cross_encoder": true,
    "cross_encoder_model": "cross-encoder/ms-marco-MiniLM-L-6-v2",
    "hybrid_alpha": 0.5,
    "expected_improvement": "+40-50%",
    "rationale": "Comprehensive clause retrieval for contracts"
  },
  "comparison": {
    "relevance_score": {
      "rmse": 0.5281085748117276,
      "aucroc": null,
      "mean_predicted": 0.3115202120793402,
      "mean_ground_truth": 0.40493993993993993,
      "std_predicted": 0.3044386356723131,
      "std_ground_truth": 0.4858864064927407
    },
    "utilization_score": {
      "rmse": 0.2513563916788668,
      "aucroc": null,
      "mean_predicted": 0.13733691650022273,
      "mean_ground_truth": 0.030752798252798252,
      "std_predicted": 0.21288950546623328,
      "std_ground_truth": 0.055401678866711226
    },
    "completeness_score": {
      "rmse": 0.3229904850488461,
      "aucroc": null,
      "mean_predicted": 0.37055791560464457,
      "mean_ground_truth": 0.4,
      "std_predicted": 0.3672716603464224,
      "std_ground_truth": 0.37416573867739417
    },
    "adherence_score": {
      "rmse": null,
      "aucroc": NaN,
      "mean_predicted": 0.2,
      "mean_ground_truth": 1.0,
      "std_predicted": 0.4000000000000001,
      "std_ground_truth": 0.0
    }
  },
  "predicted_metrics_summary": {
    "relevance_score": {
      "mean": 0.3115202120793402,
      "std": 0.3044386356723131,
      "min": 0.0,
      "max": 0.7697841726618705
    },
    "utilization_score": {
      "mean": 0.13733691650022273,
      "std": 0.21288950546623328,
      "min": 0.0,
      "max": 0.5609756097560976
    },
    "completeness_score": {
      "mean": 0.37055791560464457,
      "std": 0.3672716603464224,
      "min": 0.0,
      "max": 1.0
    },
    "adherence_score": {
      "mean": 0.2,
      "std": 0.4000000000000001,
      "min": 0.0,
      "max": 1.0
    }
  }
}