,rmse,aucroc,mean_predicted,mean_ground_truth,std_predicted,std_ground_truth
relevance_score,0.6803028197001575,0.33333333333333337,0.644797462600215,0.08244444444444445,0.36599845437737577,0.031002986713947175
utilization_score,0.5133466340340572,0.16666666666666669,0.3754908256880734,0.07244444444444445,0.39211675658582557,0.03178166254421052
completeness_score,0.6129635134081363,,0.4408250060662211,0.9,0.41953612227288334,0.2
adherence_score,0.8944271909999159,0.5,0.0,0.8,0.0,0.4
